Usuario 1;usuario1@email.com.br;
Usuario 2;usuario2@email.com.br;
Usuario 3;usuario3@email.com.br;
Usuario 4;usuario4@email.com.br;
Usuario 5;usuario5@email.com.br;
Usuario 6;usuario6@email.com.br;
Usuario 7;usuario7@email.com.br;
Usuario 8;usuario8@email.com.br;
Usuario 9;usuario9@email.com.br;
Usuario 10;usuario10@email.com.br;
Usuario 11;usuario11@email.com.br;
Usuario 12;usuario12@email.com.br;
Usuario 13;usuario13@email.com.br;
Usuario 14;usuario14@email.com.br;
Usuario 15;usuario15@email.com.br;
Usuario 16;usuario16@email.com.br;
Usuario 17;usuario17@email.com.br;
Usuario 18;usuario18@email.com.br;
Usuario 19;usuario19@email.com.br;
Usuario 20;usuario20@email.com.br;
Usuario 21;usuario21@email.com.br;
Usuario 22;usuario22@email.com.br;
Usuario 23;usuario23@email.com.br;
Usuario 24;usuario24@email.com.br;
Usuario 25;usuario25@email.com.br;
Usuario 26;usuario26@email.com.br;
Usuario 27;usuario27@email.com.br;
Usuario 28;usuario28@email.com.br;
Usuario 29;usuario29@email.com.br;
Usuario 30;usuario30@email.com.br;
Usuario 31;usuario31@email.com.br;
Usuario 32;usuario32@email.com.br;
Usuario 33;usuario33@email.com.br;
Usuario 34;usuario34@email.com.br;
Usuario 35;usuario35@email.com.br;
Usuario 36;usuario36@email.com.br;
Usuario 37;usuario37@email.com.br;
Usuario 38;usuario38@email.com.br;
Usuario 39;usuario39@email.com.br;
Usuario 40;usuario40@email.com.br;
Usuario 41;usuario41@email.com.br;
Usuario 42;usuario42@email.com.br;
Usuario 43;usuario43@email.com.br;
Usuario 44;usuario44@email.com.br;
Usuario 45;usuario45@email.com.br;
Usuario 46;usuario46@email.com.br;
Usuario 47;usuario47@email.com.br;
Usuario 48;usuario48@email.com.br;
Usuario 49;usuario49@email.com.br;
Usuario 50;usuario50@email.com.br;
Usuario 51;usuario51@email.com.br;
Usuario 52;usuario52@email.com.br;
Usuario 53;usuario53@email.com.br;
Usuario 54;usuario54@email.com.br;
Usuario 55;usuario55@email.com.br;
Usuario 56;usuario56@email.com.br;
Usuario 57;usuario57@email.com.br;
Usuario 58;usuario58@email.com.br;
Usuario 59;usuario59@email.com.br;
Usuario 60;usuario60@email.com.br;
